{"cameraMode":{"drawMode":0,"name":"Shaded","section":"Shading Mode"},"sceneLighting":true,"audioPlay":false,"sceneViewState":{"showFog":true,"showMaterialUpdate":false,"showSkybox":true,"showFlares":true,"showImageEffects":true,"showParticleSystems":true},"in2DMode":false,"pivot":{"x":0.5,"y":0.20000000298023225,"z":-8.989999771118164},"rotation":{"x":-0.02778680995106697,"y":0.9647340178489685,"z":-0.1136946901679039,"w":-0.2357790470123291},"size":1.7771050930023194,"orthographic":false}