{"cameraMode":{"drawMode":0,"name":"Shaded","section":"Shading Mode"},"sceneLighting":true,"audioPlay":false,"sceneViewState":{"showFog":true,"showMaterialUpdate":false,"showSkybox":true,"showFlares":true,"showImageEffects":true,"showParticleSystems":true},"in2DMode":false,"pivot":{"x":420.8627014160156,"y":309.64569091796877,"z":698.7730102539063},"rotation":{"x":-0.02778680995106697,"y":0.9647340178489685,"z":-0.1136946901679039,"w":-0.2357790470123291},"size":-462.3581237792969,"orthographic":false}